{"cameraMode":{"drawMode":0,"name":"Shaded","section":"Shading Mode"},"sceneLighting":true,"audioPlay":false,"sceneViewState":{"m_AlwaysRefresh":false,"showFog":true,"showSkybox":true,"showFlares":true,"showImageEffects":true,"showParticleSystems":true,"showVisualEffectGraphs":true,"m_FxEnabled":true},"in2DMode":false,"pivot":{"x":45.96208572387695,"y":-12.645519256591797,"z":72.56433868408203},"rotation":{"x":0.26583150029182436,"y":-0.04768989607691765,"z":0.013196460902690888,"w":0.9627875685691834},"size":36.066551208496097,"orthographic":false}